num,content,status
1,RollandZhong - Dragonhearted TryHardNinja,已定制
2,DorboorishMt - 海与风的谎言,已删除
3,mikeke2323 - Cyberpunke,已删除
4,sonwSakura - winning the soul,已删除
5,RollandZhong - Rising Kingdom,已定制
6,xing_yun_233 - creeper,已删除
7,YouMiaoJiang - 忘了,已定制
8,FL_xiaopiyi - NEEDY GIRL OVERDOSE,已删除
9,LIHXJ - Moon Halo,已定制
10,LIHXJ  - TruE,已定制
11,mikeke2323 - 的冲击星,已删除
12,sonwSakura - 桜流,已删除
13,sonwSakura - うまぴょい伝説,已删除
14,YouMiaoJiang - 晴天,已定制
15,starryskyxing - HOYO-MiX - Da Capo,已定制
16,MC_AChang - Plum-Going On,已删除
17,DorboorishMt - Nightcore - 鯨語,已删除
18,DorboorishMt - 梦里水月镜花”空灵翻唱,已删除
19,DorboorishMt - 千金难换君一诺,已删除
20,DorboorishMt - 人间不值得,已删除
21,tu__kua - Bury the Light,已删除
22,Neptune902 - It's just a burning memory,已定制
23,Echosmith - - Cool Kids（升调）,已定制
24,NIGHT -  DANCER,已定制
25,z_nyan_z - 琉璃姬 起氏双子,已删除
26,RTY5419 - Feel the Fire,已定制
27,z_nyan_z - Don't Stop Party partyhardOST,已删除
28,ZHAZHONGtm - Philosophyz_piano,已定制
29,meiatero - On My Own,已定制
30,RollandZhong - Aoharu - Nor,已定制
31,YouMiaoJiang - 稻香,已定制
32,YouMiaoJiang - 七里香,已定制
33,zjz228 - Rorn Ready,已定制
34,tu__kuai - Rules of Nature,已删除
35,kii_mianSS - Operation Pyrite,已定制
36,kii_mianSS - Operation Ashring,已定制
37,Xiao_Peng_qwq - 我落泪情绪零碎,已定制
38,YuncN_ - OPERATION BASEPOIN,已删除
39,Neptune301 - Lipps Inc. - Funky Town,已定制
40,z_nyan_z - Operation Blade 陈雪燃,已删除
41,z_nyan_z - Originally MizkuSNKS,已删除
42,王力宏 - 我们的歌,已删除
43,adolffurry - 我们的隆美尔,已删除
44,adolffurry - 装甲兵之歌,已删除
45,MiyaGi - ТАМАДА,已定制
46,xp2v - 富沢泰 - Godskin Apostles,已定制
47,adolffurry - Erika,已删除
48,bilibili - 鸡汤来咯,已定制
49,MC_951ALEX - The Nights-Avicii,已定制
50,sonw Sakura  - ass like that,已删除
51,Neptune902  - The Only Thing They Fear Is You,已定制
52,YMHHD_Dyd - Прекрасное далеко,已定制
53,kii_mianSS  - Operation Blade,已定制
54,kii_mianSS - Operation Cinder,已定制
55,kii_mianSS - Operation Lead Seal,已定制
56,kii_mianSS - Operation Spectrum,已定制
57,kii_mianSS - Operation Wild Scales,已定制
58,kii_mianSS - Operation Pine Soot,已定制
59,SunnaLu - Мокрые Губы,已定制
60,李子璇 - why oh why,已定制
61,bilibili - 蔡徐坤原版,已定制
62,HIMEHINA - - 琥珀の身体,已删除
63,年前 - 精卫,已删除
64,Whatevs - 你太美,已定制
65,bilibili - 成功人士巅峰住宅,已定制
66,ぺぽよ でん - でん心電図,已定制
67,WOZ18 - リテラチュア,已定制
68,Daydreamer - William Black，AMIDY,已删除
69,Kzombie1 - 池田鴻 - 翔べ!ガンダム,已删除
70,CoziestAgenda78 - L'Internationale(国际歌 法语),已删除
71,kii_mianSS - Operation Dawnseeker,已定制
72,anan - 蔡依林-说爱你,已删除
73,anan - 汪苏泷、徐良 - 后会无期,已删除
74,langman0001 - 妖の王,已删除
75,xinyanxiao233 - 一念永恒,已定制
76,ChenGe_0805 - 俺こそオンリーワン,已删除
77,xinyanxiao233 - 唯我念,已定制
78,桃音モモ - Nyan Cat,已定制
79,bilibili - 华强买瓜,已定制
80,Xiao_Peng_qwq - 說了再見,已定制
81,langman0001 -  ♂,已删除
82,langman0001 - 海底,已删除
83,xinyanxiao233 - 只因你太美,已定制
84,kii_mianSS - Operation Deepness,已定制
85,YMHHD_Dyd -  光榮的引路人,已定制
86,gale114 - 脳天直撃 (Long Version),已定制
87,gale114 - DA'AT -The First Seeker of Souls-,已定制
88,wudier - 枕边童话,已定制
89, - Bet On Me,已定制
90,jietou - Wildfire,已删除
91,jietou  - 独りんぼエンヴィー,已删除
92, - 倒数,已定制
93,告五人 - 给你一瓶魔法药水,已定制
94, - PLAY,已定制
95,xinyanxiao233 - 风的季节,已定制
96,xinyanxiao233 - 若光,已定制
97,wudier - 寅虎 心曲,已定制
98,wudier - 无-洛克王国（野生精灵战斗）,已定制
99,loveLMY - 下山,已定制
100,loveLMY - 慕夏,已定制
101,wudier - Happy Birthday to You,已定制
102,YMHHD_Dyd - INTERNET OVERDOSE,已定制
103,LinkstaFurryPRO -  Lipps Inc. - Funky Town,已删除
104,Miosuna -  I got smoke,已定制
105,- 野火Widfire,已定制
106,mikeke2323 - Devil Trigger,已删除
107,zjz228 - Evolve,已定制
108,_Remonn_ - 柊優花Happy Halloween,已删除
109,zjz228 - 那是你离开北京的生活,已定制
110,Moshang - 知我,已定制
111, - ๏ เ เ ค เ ๏ ๏ ๏ ๏ ๏ เ ค เ,已定制
112,Lilcy - Sound Horizon (サウンドホライズン) ,已定制
113,jietou - Take the Journey,已删除
114,jietou - 砂の惑星,已删除
115,jietou - サクラノタトゥー,已删除
116,Kirinkinoko - APEX-经典音乐包,已删除
117,chenxijiejie - California Dreaming,已定制
118,chenxijiejie - Enemy,已定制
119,chenxijiejie - My Dear Art,已定制
120,chenxijiejie - Piel Canela,已定制
121,chenxijiejie - Rain,已定制
122,chenxijiejie - ROCK OVER JAPAN,已定制
123,chenxijiejie - 济南济南,已定制
124,chenxijiejie - 无条件 (Live),已定制
125,chenxijiejie - 新年的钟声,已定制
126,gale114 - Fracture Ray,已定制
127,gale114 - Ether Strike (_Divine Mercy_ Extended),已定制
128,gale114 - エンドマークに希望と涙を添えて(イロドリミ,已定制
129,WOZ18 - Everlasting BEATS,已定制
130,Godsujiu - Letting Go,已定制
131,kii_mianSS - Operation_Fake_Waves,已定制
132,ZHAZHONG - tm record_April8th,已删除
133,Miosuna - Bittersweet chocolate,已定制
134,Xiao_Peng_qwq - 龙卷风,已定制
135,zjz228 - One Last Kiss,已定制
136,Li_HuaJian - 黑奴进行曲,已定制
137,DiLPamc - Rachel Platten-Lone Ranger.mp3,已定制
138,XiaoCXXX - 神圣的战争TNO大审判,已定制
139,LapisLazuli_Star - アイドル,已定制
140,Vicetone - The New Kings,已删除
141,カニ研究会 - 我愛你-上海蟹-,已定制
142,SC_chengcheng - 室内系的TrackMaker,已定制
143,ikun_yu - 老男孩,已定制
144,Sandysdr - 北念情书 - 威廉TEN《短裙你太美》,已删除
145,Ste_fano - 白日-king gnu,已定制
146,liliula2333  - One Nitght in shanghai,已定制
147,Xinmed - 银行不妙曲,已定制
148,Xinmed - 星铁Space Walk,已定制
149,liliula2333 - 无仙,已定制
150,wuaibayunzi -  Stack - 酔恋花 -suirenka- (V0),已定制
151,wuaibayunzi  - RegaSound _ Φ串Φ (くし) - 月の雫 (月之滴) (V0),已定制
152,xinyanxiao233 - 破晓,已定制
153,Li_HuaJian - Cupid – Twin Ver.  ,已定制
154,Li_HuaJian - Cupid,已定制
155,Rainy_Ruan - 花间の苦茶子,已定制
156,Shiguremoyu - Of My Dream（高达G救世主）,已删除
157,wangkeli - World's end loneliness,已定制
158,wangkeli - Recollect lines,已定制
159,wangkeli - VVelcome!!,已定制
160,Clandy - アトリエ（ricono）,已定制
161,appp - 桃花运(DJR7版)-R7-我是你的小酷呀,已定制
162,Clandy - 霞がついてくる,已定制
163,zjz228  - bones,已定制
164,wudier - 世界上的另一个我,已定制
165,wudier - ニッポン笑顔百景,已定制
166,Clandy - It's on tonight,已定制
167,Clandy - I love...,已定制
168,A_lump_of - his themr,已定制
169,Eugen_prprprpr - 【響】残響ノ鎮魂歌,已定制
170,Eugen_prprprpr - Overworld Day,已定制
171,Eugen_prprprpr - Overworld Night,已定制
172,Eugen_prprprpr - The beautiful world,已定制
173,Clandy - カナデトモスソラ (奏明天空),已定制
174,Clandy - Wish,已定制
175,Clandy - 旅行計画,已定制
176,LinYi - 烟花易冷,已删除
177,LinYi - 破晓（小少焱喊麦的那个）,已删除
178,LinYi - 爱如火,已删除
179,LinYi - 走卒,已删除
180,LinYi - 游京,已删除
181,LinYi - 姑娘在远方,已删除
182,LinYi - 山河图,已删除
183,LinYi - 小城夏天,已删除
184,Midnight - City,已定制
185,XiaoPeng114514 - 发如雪,已定制
186,JDQwQ233 - Hopes and Dream,已删除
187,zjz228 - 怪咖,已定制
188,Glichery - Sea Of Problems,已删除
189,Li_HuaJian - U Make Me Hold On To Give U Everything,已定制
190,yurenL - 告五人的爱人错过,已定制
191,yurenL - 郭顶的凄美地,已定制
192,Clandy - moonlightspeed,已定制
193,Clandy - smiling,已定制
194,Dark_Gwyndolin - 時を刻む唄 (铭刻时间的歌) - Lia (りあ) (V0),已定制
195,Dark_Gwyndolin - 破滅の純情 (破灭的纯情) - Walküre (ワルキューレ) (V0),已定制
196,Dark_Gwyndolin - 初恋 - 村下孝蔵_EM (V0),已定制
197,Clandy - PUIMUI,已定制
198,CosTeaXD - ヨルシカ - 都落ち,已删除
199,liliula2333 - 匆匆那年,已定制
200,liliula2333 - 演员,已定制
201,xiaofen0v0  - Susie Suh_ - Here With Me,已定制
202,CosTeaXD - 林原めぐみ - A Happy Life,已删除
203,Bad_Huanxing - FULI AUTO SHOOTER ,已定制
204,Clandy - 奶油苏打和冕形灯,已定制
205,Clandy - our story,已定制
206,Clandy - 胆小鬼火箭,已定制
207,liliula2333 - 王妃,已定制
208,CosTeaXD - 『ユイカ』 - 17さいのうた。,已删除
209, - Villanelle,已定制
210, - Treasure,已定制
211, - l love you baby,已定制
212, - Rather BE,已定制
213, - talking to the moon,已定制
214, - Clear,已定制
215, - 打上火花,已定制
216, - Die For You,已定制
217,Clandy - Line without a hook,已定制
218,CosTeaXD - CosTeaXDRekanan - REFLECTION (Original Mix),已删除
219,CosTeaXD - CosTeaXD YOASOBI - ハルジオン,已删除
220,Clandy - More than words,已定制
221,CosTeaXD - 96猫 - アスノヨゾラ哨戒班,已删除
222,a_lump_of  - Montagem Amedrontadora Slowed,已定制
223,Clandy - 花占い,已定制
224,Clandy - 忘れ風,已定制
225,SundayJK - 世界は可愛く出来ている,已定制
226,dugugu - Fly，MyWings-mili,已定制
227,xiao_awa - 多远都要在一起,已定制
228,Kar Play - Shed a Light,已定制
229,bsgzkqr -  王子健 - 循迹,已定制
230,不问ciaga - 我叹那春花秋月不问别离,已定制
231,Bad_Huanxing -  恋ひ恋ふ縁 - Famishin，KOTOKO,已定制
232,Bad_Huanxing -  [東方Project]ハルトマンの妖怪少女[二创],已定制
233,dugugu - 两世之间,已定制
234,Bad_Huanxing -  Faster Than Light - Andreas Waldetoft，Mia Stegmar,已定制
235,dugugu - インターネットサバイバー,已定制
236,swjK3672 - Aurora,已定制
237,swjK3672 - I Want You to Know,已定制
238,dugugu - Gone Angels-Mili,已定制
239,dugugu - 都市之子,已定制
240,dugugu - 三妖精SAY YA!!!,已定制
241,dugugu - 無意識レクイエム,已定制
242,RTY5419 - 7CZ_Melodic Dubstep,已定制
243,RTY5419 - Blame（time gunter Remix),已定制
244,CR_PYRO_FU  - IMG_1772_20221125_102137,已定制
245,Clandy - My Dear Friend,已定制
246,CR_PYRO_FU - OVERTAKE,已定制
247,CR_PYRO_FU  - Paradise (Sappheiros Remix),已定制
248,Discliliula2333 - Nuvole Bianche,已定制
249,CR_PYRO_FU - Bring Me Back(feat. Claire Ridgely),已定制
250,liliula2333 - 鹿 be free,已定制
251,Aderr6868 - 新世界,已定制
252,clover - 君は薔薇より美しい,已定制
253,_Wind_Evil_31 - Take Me Hand 抓紧我的手,已定制
254,Clandy -  Check this out(MIKU),已定制
255,loveLMY - 月若流金,已定制
256,Lapis_Lazulit - more jump more,已定制
257,Lapis_Lazulit - hurt me,已定制
258,Lapis_Lazulit - Queendom,已定制
259,bsgzkq -  徐梦圆 - China-X,已定制
260,BulueHat - 追求 ～大逆転のとき,已定制
261,Clandy - Birdsong,已定制
262,dugugu - チルノのパーフェクトさんすう教室,已定制
263,dugugu -  色は匂へど散りぬるを,已定制
264,wlczycr  - 冬一色_春一色,已定制
265,dugugu - 天空の狂詩曲,已定制
266,dugugu - 緋色月下、狂咲ノ絶,已定制
267,dugugu - The Foundation Main Theme,已定制
268,dugugu - Mind Your Manors,已定制
269,ThomasZBY - Alpha warhead,已定制
270,ThomasZBY - MTF,已定制
271,ThomasZBY -  混沌分裂者,已定制
272,ThomasZBY - 淳平的演讲,已定制
273,Molu_QR - sat tee touy,已定制
274,hapPYYEaH - 普鲁士的荣耀,已定制
275,Rick Astley  - Never Gonna Give You Up,已定制
276,Clandy -  Ours,已定制
277,Eugen_prprprpr -  escape,已定制
278,Eugen_prprprpr - 星のかがやきよ,已定制
279,Eugen_prprprpr - シボ,已定制
280,Eugen_prprprpr -  霧亥,已定制
281,_KOSHINO_ - Miku,已定制
282,Clandy -  Tell Your World,已定制
283,Clandy - Weekender Girl,已定制
284,Clandy - Sugary Galaxy,已定制
285,Lapis_Lazulit -  Flower Day,已定制
286,Lapis_Lazulit - What Will You Leave Behind (End Titles),已定制
287,Lapis_Lazulit - 路上的猫尾草,已定制
288,Lapis_Lazulit - 你呀你呀（原神生日会）,已定制
289,Lapis_Lazulit - 别让我担心（原神生日会）,已定制
290,Li_HuaJian - HEAVEN,已定制
291,Li_HuaJian -  Sensation,已定制
292,Li_HuaJian - Run Free,已定制
293,jinluosama -  Rubia,已定制
294,jinluosama    - Regression,已定制
295,jinluosama  - Cyberangel  ,已定制
296,jinluosama  - Φ²,已定制
297,Yolina_Moonlight - しぐれうい - 粛聖!! ロリ神レクイエム☆,已定制
298,Mc_Huamu  -  崩三登录原声,已定制
299,Mc_Huamu  - - 黄金庭院,已定制
300,Mc_Huamu - baby,已定制
301,WOZ18 - 蔡健雅 - Nightglow,已定制
302,WOZ18 - 袁娅维TIA RAY - Starfall,已定制
303,WOZ18 - 尚雯婕 - Befall,已定制
304,CXruli233 - Taylor swift-Long live,已定制
305,Riue_Coblat  -  I Wish,已定制
306,Riue_Coblat  - 幻月環,已定制
307,Li_HuaJian - 当风告诉你,已定制
308,flowerinsnow  - 真红骑士，出发！ Let's Go， Crimson Knight!,已定制
309,CXruli233 - 黄勇+_+任书怀+-+你看到的我+(dj版),已定制
310,Clandy - Ujico__Snail's House - Biscuit Funk,已定制
311,neko4032 - Oshama Scramble!,已定制
312,wellove - 小仓唯 (おぐら ゆい) - Clear Morning,已定制
313,Ming_ReasonDark - 國際歌Интернационал,已定制
314,Riue_Coblat - Battleplan Pyrolysis,已定制
315,Riue_Coblat - Flow,已定制
316,ls_6 - Vicetone，Haley Reinhart - Something Strange,已定制
317,D1LuxI - Sound Chimera,已定制
318,CXruli233 - All My People--AI東 雪蓮,已定制
319,D1LuxI - マジカルドクター(魔法医生),已定制
320,Yolina_Moonlight - 強風オールバック,已定制
321,D1LuxI - Walk On Water,已定制
322,D1LuxI - Punish,已定制
323,D1LuxI - Last Wish,已定制
324,D1LuxI - City of Lights,已定制
325,D1LuxI - ヒトガタ(人型),已定制
326,D1LuxI - Go Like (D&B Remix),已定制
327,D1LuxI - Let Me Go,已定制
328,D1LuxI - アンハッピーリフレイン,已定制
329,D1LuxI - Super Mega Jumbo,已定制
330,CXruli233 - stay with me,已定制
331,CXruli233 - 愛言葉ⅲ,已定制
332,CXruli233 - 千本桜,已定制
333,YumeriAsakura - 人マニア - 原口沙輔,已定制
334,YumeriAsakura - 光と闇-弾き語りver- - さユり,已定制
335,YumeriAsakura - 英雄の詩篇 - 未来古代楽団,已定制
336,YumeriAsakura - はーどもーどかのじょ - nyamura,已定制
337,YumeriAsakura - アンノウン・マザーグース-wowaka 初音ミク,已定制
338,Oblivisci - 踏上旅途Take the Journey,已定制
339,ipOWOqi - All I Really Want For Christmas,已定制
340,ipOWOqi - Luminous Memory,已定制
341,ipOWOqi - Midnight Trip,已定制
342,ipOWOqi - 君のとなりに (在你身旁),已定制
343,ipOWOqi - Please， Take on me♡,已定制
344,ipOWOqi - Anime - Detonate 2019,已定制
345,ipOWOqi - BeMax - Ahegao,已定制
346,Yolina_Moonlight - 二宫爱-World Goes Round,已定制
347,Yolina_Moonlight - 锁那-言葉のいらない約束,已定制
348,reign_crime - 九尾狐,已定制
349,reign_crime - 魑魅灵王,已定制
350,reign_crime - Умри， если меня не любишь,已定制
351,reign_crime - Johnny Boy,已定制
352,reign_crime - I Wanna Be In The Cavalry (Reprise),已定制
353,reign_crime - 戏命师 烬,已定制
354,reign_crime - 神调,已定制
355,reign_crime - 致命情人,已定制
356,reign_crime - 她们都说我很坏,已定制
357,reign_crime - 漠河舞厅,已定制
358,reign_crime - 星月神话,已定制
359,D1LuxI - FREEDOM (Extended Mix),已定制
360,D1LuxI - 改,已定制
361,D1LuxI - Danger,已定制
362,Goodqingzhu - Outer Wilds,已定制
363,goodqingzhu - Rising Kingdom,已定制
364,goodqingzhu - From The Ground Up,已定制
365,goodqingzhu - Fallen Kingdom,已定制
366,goodqingzhu - Take Back the Night,已定制
367,goodqingzhu - Find the Pieces,已定制
368,goodqingzhu - Dragonhearted,已定制
369,Yuchayou - Eastward,已定制
370,dotminelcf - Daft+Punk+-+Encom+Part+II,已定制
371,dotminelcf - Wisp+X+-+Song+of+the+Forest,已定制
372,Lapis_Lazulit - A Thousand Years (Radio Edit),已定制
373,Lapis_Lazulit - Shake It Off (Taylor's Version),已定制
374,Lapis_Lazulit - Body Shaming,已定制
375,Lapis_Lazulit - Frolic (Curb Your Enthusiasm Theme),已定制
376,Lapis_Lazulit - Roundtable Rival,已定制
377,Lapis_Lazulit - Gardel， Le Pera Por Una Cabeza,已定制
378,Lapis_Lazulit - Snowman,已定制
379,Lapis_Lazulit - Bleeding Love,已定制
380,Lapis_Lazulit - Are You Lost,已定制
381,Lapis_Lazulit - どうして (Acoustic Remix),已定制
382,Lapis_Lazulit - Midnight Hilichurl Parade,已定制
383,Lapis_Lazulit - Another Day of Sun (From La La Land),已定制
384,Li_HuaJian - All My People,已定制
385,diend2023 - 神のまにまに,已定制
386,diend2023 - DAN DAN 心魅かれてく,已定制
387,chujianxiubi - 独角,已定制
388,chujianxiubi - 老街北,已定制
389,chujianxiubi - 万物有灵,已定制
390,chujianxiubi - 星茶会,已定制
391,Ming_ReasonDark - Travelers' encore,已定制
392,XiaoCXXX - 远东游击队之歌,已定制
393,YMHHD_Dyd - 歌唱社会主义祖国十年版本,已定制
394,dotminelcf - Thai McGrath，JustCosplaySings - Afterlife,已定制
395,Eno_Tiphereth - In Hell We Live，Lament,已定制
396,Eno_Tiphereth - Salt， Pepper， Birds， and the Thought Police,已定制
397,Eno_Tiphereth - Compass,已定制
398,Eno_Tiphereth - Paper Bouquet,已定制
399, ls_6 -  Beyond-真的爱你,已定制
400, ls_6 - 富士山下,已定制
401, ls_6 - 最佳损友,已定制
402, ls_6 - 红日,已定制
403, ls_6 - 护花使者,已定制
404, ls_6 - 一生有你,已定制
405, ls_6 - 处处吻,已定制
406,liliula2333 - 你瞒我瞒,已定制
407,liliula2333 - 我和你,已定制
408,Shturmanm - 致命公司快递小曲,已定制
409,Shturmanm   - Ad astra,已定制
410,Shturmanm   - Biri-Biri ,已定制
411,Shturmanm   - Constant Moderato,已定制
412,Shturmanm   - 故乡的风,已定制
413,Shturmanm   - 水龙吟,已定制
414,Shturmanm   - 呜哇哈哈哈,已定制
415,D1LuxI amnesia,已定制
416,D1LuxI resonance,已定制
417,D1LuxI grayscale,已定制
418,Muc_hun  Blue,已定制
419,D1LuxI AlterStrife,已定制
420,D1LuxI Golden Era ,已定制
421,D1LuxI Church_Emulator,已定制
422,D1LuxI Announcement,已定制
423,D1LuxI HYSTERIA 99,已定制
424,D1LuxI CALAMITY RHAPSODY,已定制
425,D1LuxI Clip it Bro,已定制
426,D1LuxI Out On My Own,已定制
427,D1LuxI Nothing Left (feat. XAELO),已定制
428,D1LuxI S E C O N D I L L U S I O N,已定制
429,D1LuxI Passion Ft. Solah,已定制
430,D1LuxI 夜のピエロ (TeddyLoid Remix),已定制
431,D1LuxI Feeling Free,已定制
432,D1LuxI Essence,已定制
433,Thegate2022  Vierton,已定制
434,Thegate2022 离别开出花,已定制
435,chenxijiejie Sogno di Volare ,已定制
436,chenxijiejie I Wish My Mind Would Shut Up,已定制
437,chenxijiejie 温蒂公主的侍卫,已定制
438,chenxijiejie 啊我忘了带伞,已定制
439,chenxijiejie 法兰西多士,已定制
440,iboubub  Deep Stone Lullaby,已定制
441,Yolina_Moonlight 宝宝巴士 - 我会自己上厕所,已定制
442,Yolina_Moonlight Сука блядь,已定制
443,Yolina_Moonlight 塞壬唱片-MSR，Steven Grove - 愚人曲,已定制
444,Yolina_Moonlight 塞壬唱片-MSR，Adam Gubman，Shawn W. Smith - 狼之主,已定制
445,YMHHD_Dyd 《大家一起吸氧氧》《我现在肺痒痒》《吸羊羊之烟气冲天》,已定制
446,D1LuxI Zephyr,已定制
447,D1LuxI Chrysalism,已定制
448,D1LuxI Bloom,已定制
449,YMHHD_Dyd 《我们走在大路上》60年代,已定制
450,Riue_Coblat Gimmme!,已定制
451,Riue_Coblat  Running In The Dark,已定制
452,Eugen_prprprpr Ocean,已定制
453,Eugen_prprprpr Space,已定制
454,Eugen_prprprpr Underground,已定制
455,Eugen_prprprpr Jungle,已定制
456,Eugen_prprprpr Wartrauma,已定制
457,Eugen_prprprpr birth・gt・music,已定制
458,Eugen_prprprpr Tranquility Base,已定制
459,Eugen_prprprpr Mercury,已定制
460,Eugen_prprprpr 男たちの大和,已定制
461,Eugen_prprprpr MKAlieZ,已定制
462,Eugen_prprprpr 行星发动机,已定制
463,Eugen_prprprpr 全球灾难与流浪地球计划,已定制
464,(Clandy)amazarashi - 月曜日 ,已定制
465,(Clandy)ginkiha - Dawn of Asia (Ginkiha mix) ,已定制
466,(Clandy)Lights & Motion - Particle Storm ,已定制
467,(Clandy)livetune (ライブチューン) - Half Step ,已定制
468,(Clandy)Mitchie M _ 初音未来 - MM组曲～ ,已定制
469,(Clandy)PSYQUI _ Such - ヒカリの方へ (向着光的方向) (Original Mix) ,已定制
470,(Clandy)天月-あまつき- - Caffe Latte ,已定制
471,Shturmanm ТАМАДА,已定制
472,Shturmanm 死兆将至,已定制
473,Shturmanm 美麗之物,已定制
474,Shturmanm Peanut Butter Cupquakes,已定制
475,Shturmanm Call of Silence,已定制
476,zibaki おやすみモノクローム,已定制
477,wellove 青春コンプレックス,已定制
478,wellove ギターと孤独と蒼い惑星,已定制
479,Str0ngFish91 A CYBER'S WORLD,已定制
480,Str0ngFish91 Battle Against A True Hero,已定制
481,Str0ngFish91 BIG SHOT,已定制
482,Str0ngFish91 Field Of Hopes And Dreams,已定制
483,Str0ngFish91 MEGALOVANIA,已定制
484,Str0ngFish91 U.N. Owen Was Hero,已定制
485,Lapis_Lazulit Post Malone (feat. RANI) [徐梦圆冯提莫合作版] ,已定制
486,tscali 不直白动物,已定制
487,tscali 视星等4.44,已定制
488,tscali 八道,已定制
489,tscali 我不活在,已定制
490,tscali 迷帆,已定制
491,ipOWOqi 健やかDE居たい,已定制
492,ipOWOqi going…,已定制
493,ipOWOqi Headbangerz,已定制
494,ipOWOqi アスノヨゾラ哨戒班,已定制
495,ijk Postlude,已定制
496,ijk Launch pad,已定制
497,ijk Fortunate Son,已定制
498,ijk ナウシカ・レクイエム,已定制
499,xingyui 训练生活,已定制
500,xingyui 若把你,已定制
501,WOZ18 Reburn,已定制
502,WOZ18 崩坏世界的歌姬,已定制
503,WOZ18 Dual-Ego,已定制
504,WOZ18 梦想奔驰,已定制
505,WOZ18 うまぴょい伝説 (马娘传奇),已定制
506,wlczycr 宝藏女孩,已定制
507,wlczycr 夜樱街道,已定制
508,wlczycr 夜桜街道(instrumental),已定制
509,wlczycr 凋叶棕 - Insert Coin(s),已定制
510,wlczycr Unfragment,已定制
511,wlczycr milka-レディメイド・シティライフ,已定制
512,wlczycr LoveAlcohol.img,已定制
513,wlczycr Kanon(instrumental),已定制
514,wlczycr Fall in the Dark,已定制
515,wlczycr Flower of Life,已定制
516,D1LuxI Try again,已定制
517,D1LuxI Hooveristic Trooper,已定制
518,D1LuxI 12 little fragments of silence,已定制
519,D1LuxI Stasis (feat. motoko),已定制
520,D1LuxI Olive,已定制
521,D1LuxI Miracle,已定制
522,D1LuxI I'll Be Waiting,已定制
523,D1LuxI Light of Love,已定制
524,D1LuxI In the Garden,已定制
525,D1LuxI Ill,已定制
526,D1LuxI Once Upon A Love,已定制
527,D1LuxI R O M A N T I C,已定制
528,D1LuxI U-0,已定制
529,D1LuxI ANGEL VOICES,已定制
530,D1LuxI 積み木の人形 - 现実逃避P,已定制
531,D1LuxI 日常と地球の額縁 - 现実逃避P,已定制
532,D1LuxI グレーゾーンにて。 - 现実逃避P,已定制
533,D1LuxI ローリンガール - 现実逃避P,已定制
534,D1LuxI ワールズエンド・ダンスホール - 现実逃避P,已定制
535,D1LuxI 裏表ラバーズ - 现実逃避P,已定制
536,D1LuxI とおせんぼ - 现実逃避P,已定制
537,Lapis_Lazulit A Thousand Miles,已定制
538,Lapis_Lazulit Welcome to The Internet,已定制
539,Lapis_Lazulit Your Blood,已定制
540,Lapis_Lazulit Weather,已定制
541,Lapis_Lazulit Girlfriend - Radio Edit,已定制
542,ijwerer A Moment Apart,已定制
543,ijwerer Los Angeles,已定制
544,ijwerer 回夏,已定制
545,ijwerer 天国はまだ遠い,已定制
546,ijwerer 枝江,已定制
547,ijwerer Ahead of Us,已定制
548,ijwerer Drowning,已定制
549,ijwerer Take on Me,已定制
550,ijwerer なんでもないや (movie ver.),已定制
551,ijwerer グランドエスケープ (Movie edit),已定制
552,wellove RE Aoharu [mqms2],已定制
553,wellove 葛东琪 - 悬溺,已定制
554,wellove Morose Dreamer [mqms2],已定制
555,CXruli233 No Ceiling,已定制
556,CXruli233 你看 世界好美,已定制
557,CXruli233  I really want to stay at your house,已定制
558,CXruli233 シグナル(english ver),已定制
559,CXruli233 Islet _ 倚水 - 雪解け,已定制
560,CXruli233 Untitled world,已定制
561,dotminelcf Feint - Fading Wind,已定制
562,dotminelcf BUNT.，HON，SMBDY - Hurricane,已定制
563,dotminelcf Lockyn - Lucent,已定制
564,Yu_yi_shui 怀黍离 ,已定制
565,diend2023 「名探偵コナン」~メインテーマ,已定制
566,diend2023 Lemon,已定制
567,diend2023 Show it Ben,已定制
568,diend2023 不怕,已定制
569,diend2023 前前前世,已定制
570,Mc_Huamu ALIVE,已定制
571,Mc_Huamu Misty Memory,已定制
572,Mc_Huamu Undertopia,已定制
573,Mc_Huamu Magic Theorem,已定制
574,Mc_Huamu Nothing,已定制
575,Mc_Huamu 天外来物,已定制
576,kuokuoski ニルバナ （野良神ed）- Tia,已定制
577,dotminelcf Wisp X，初音ミク - Glass Heart,已定制
578,YumeriAsakura  - Angels of the Apocalypse - NEEDY GIRL OVERDOSE,已定制
579,YumeriAsakura - 月虹蝶 - NEEDY GIRL OVERDOSE; KOTOKO; Aiobahn,已定制
580,YumeriAsakura - DOGMA - wotaku; 初音ミク,已定制
581,YumeriAsakura - えれくとりっく・えんじぇぅ -ヤスオP，初音ミク,已定制
582,YumeriAsakura - Loveit？- ヰ世界情緒 ,已定制
583,YumeriAsakura - 撫でんな - ヰ世界情緒,已定制
584,YumeriAsakura- 四季折の羽 - 鏡音レン; 鏡音リン; ひとしずく×やま△ ,已定制
585,Small_leaf233 使一颗心免于哀伤,已定制
586,dotminelcf 一之瀬剛 - ミシロタウン,已定制
587,dotminelcf Dawid Podsiadlo - Let You Down,已定制
588,Clandy C-SHOW - Border Line,已定制
589,Clandy 大原ゆい子 - 夢の途中で,已定制
590,Clandy Endorfin_ _ Feryquitous - Sincuvate,已定制
591,Clandy HoneyComeBear - Twilight,已定制
592,Clandy ああああ - 星空の観覧車 (V0),已定制
593,Clandy 牧野由依 - スケッチブックを持ったまま,已定制
594,liliula2333人间惊鸿客,已定制
595,liliula2333- 耍把戏,已定制
596,liliula2333 - 爱丫爱丫,已定制
597,Pas_de_nom_lan 学生神曲,已定制
598,xiu_long_quan  问神  ,已定制
599,wlczycr Rendezvous,已定制
600,wlczycr ZOU+,已定制
601,wlczycr チクッ,已定制
602,wlczycr ナイトフライ,已定制
603,wlczycr 秦时明月_歌曲_模唱小样_theonestudio,已定制
604,wlczycr 願いへ ,已定制
605,wlczycr Beautiful Trick,已定制
606,wlczycr 千磐破,已定制
607,wlczycr SAYONARA,已定制
608,wlczycr 0-2,已定制
609,wlczycr Changing - Vivienne,已定制
610,wlczycr Clockup Flowers,已定制
611,wlczycr Forgotten Paradise,已定制
612,wlczycr Kanon,已定制
613,wellove 広橋涼 _ 大西沙織 _ 涼本あきほ - LA LA RUN!,已定制
614,wellove 黄霄雲 _ HOYO-MiX - Oracle,已定制
615,Yuzelingsha2269 - Anniversary,已定制
616,Lilcy-夕景昨日,已定制
617,chujianxiubi 极星流浪夜,已定制
618,chujianxiubi 香草茶与黑咖啡,已定制
619,chujianxiubi Avid,已定制
620,chujianxiubi 与星之约,已定制
621,chujianxiubi 万物有灵,已定制
622,wzsygxxs-C-U-again,已定制
623,dotminelcf Waking Dreams - Instrospection,已定制
624,incomparase Speed of Light,已定制
625,Ming_ReasonDark 义勇军进行曲,已定制
626,dotminelcf 理塘顶针 - Zood,已定制
627,(Clandy)莪想怼沵説 Baby,已定制
628,(Clandy)TRUE DJ！,已定制
629,(Clandy)Exit this Earth's Atomosphere,已定制
630,(Clandy)Rubik's Cube,已定制
631,Ultraman_Noa 暴太郎战队咚兄弟片尾曲封面,已定制
632,Ultraman_Noa 暴太郎战队咚兄弟主题曲,已定制
633,wlczycr 月光,已定制
634,wlczycr YEHAIYAHAN - 情动,已定制
635,kuokuoski 悪魔の子-ヒグチアイ,已定制
636,kuokuoski ballin（黑人辛吉飞）,已定制
637,SL_MHSJ 「僕は...」(我是...) - あたらよ,已定制
638,SL_MHSJ いってらっしゃい(路上小心) - ヒグチアイ,已定制
639,SL_MHSJ 深淵 feat.花譜(深渊) - ヰ世界情緒_花譜,已定制
640,SL_MHSJ 在出发之前,已定制
641,SL_MHSJ 未来再见,已定制
642,Xiulongquan 神の怒り,已定制
643,Xiulongquan クリティウスの牙,已定制
644,Xiulongquan 尋問~アレグロ 2001,已定制
645,Xiulongquan 散り散り,已定制
646,Xiulongquan 妄想感傷代償連盟,已定制
647,Xiulongquan オーバーライド (Overide),已定制
648,Xiulongquan WATER(Feat.初音ミク)-A-39,已定制
649,Xiulongquan Lanterns,已定制
650,WOZ18 兔子洞,已定制
651,WOZ18 踏上了旅途（加长版）,已定制
652,WOZ18 キズナヒトツ,已定制
653,WOZ18 不眠之夜,已定制
654,WOZ18 午夜收场白,已定制
655,WOZ18 漏叶日光的应援,已定制
656,WOZ18 小小的祈愿,已定制
657,WOZ18 愿望的形状,已定制
658,Ultraman_Noa 兔子小队主题曲,已定制
659,Ultraman_Noa 蔚蓝档案国服主题曲,已定制
660,wlczycr 林埈永 - Eyes Say,已定制
661,wlczycr 月亮王子,已定制
662,wlczycr 曹秦 - 南飞雁,已定制
663,wlczycr 乔楚熙 - 彩虹,已定制
664,wlczycr Vivienne - Yearning,已定制
665,wlczycr Vivienne - Dream in the Night,已定制
666,wlczycr Vivienne - Can't look away,已定制
667,wlczycr Vivienne - Again,已定制
668,wlczycr Chen-U - ICE on the SUN(原曲：秋霜玉より幻想科学 〜 Doll's Phantom),已定制
669,zjz228 木偶人,已定制
670,zjz228 時間よ止まれ,已定制
671,zjz228 一半,已定制
672,YMHHD_Dyd 歌唱动荡的青春【TNO电子风】,已定制
673,YMHHD_Dyd [中文版] 最美好的前途_Прекрасное далеко,已定制
674,YMHHD_Dyd  【Hi-Res无损音质】万能青年旅店《大石碎胸口》无损音质黑胶唱片完整版,已定制
675,DY_lvye2333 blue comet(蓝色彗星) - ああああ,已定制
676,wlczycr 3L - モノクロ・インザナイト(CYTOKINE remix) feat.Linjin,已定制
677,wlczycr Tomohiko Togashi Yana - オズネイ・ハマンはもういらない(Tomohiko Togashi Remix),已定制
678,wlczycr 発熱巫女~ず - ICE on the SUN (MZC X-range Breakin' Remix)(原曲：秋霜玉より幻想科学 ~ Doll's Phantom),已定制
679,wellove 大原ゆい子 - まっすぐ (坦率的),已定制
680,wellove 知更鸟--千音迭奏，群星赋格,已定制
681,CXruli233 神のまにまに_LIVE _ WS × 初音ミク,已定制
682,CXruli233 威風堂々【オリジナルver， 梅とら】,已定制
683,CXruli233【MIKU EXPO 10th】Intergalactic Bound by Yunosuke & CircusP feat. Hatsune Miku_01,已定制
684,CXruli233 tayori - 花がら ,已定制
685,DY_lvye2333 haunted showtime! - ああああ,已定制
686,DY_lvye2333 memories of blue - ああああ,已定制
687,DY_lvye2333 rainbow(彩虹) - ああああ,已定制
688,DY_lvye2333 Shoot the Moon! - ああああ,已定制
689,DY_lvye2333 Snowy_heart - ああああ,已定制
690,DY_lvye2333 sparky splash party ! - ああああ,已定制
691,DY_lvye2333 お花見団子と飲み騒ぎ - ああああ,已定制
692,DY_lvye2333 ほしのおとしもの(星降之物) - ああああ,已定制
693,DY_lvye2333 告白・告別 - nin,已定制
694,DY_lvye2333 系ぎて - Rintaro Soma,已定制
695,DY_lvye2333 約束 (はるまきごはんVocal ver)(约定) - はるまきごはん,已定制
696,DY_lvye2333 super space toycat _3 - ああああ,已定制
697,DY_lvye2333 ひとりぼっちのステラ - ああああ,已定制
698,DY_lvye2333 ひよっ子サンタと雪の街 - ああああ,已定制
699,DY_lvye2333 ほしかけスケッチブック - ああああ,已定制
700,DY_lvye2333 ほんの小さな大冒険 - ああああ,已定制
701,liliula2333 Enemy,已定制
702,liliula2333 Ezio's Family,已定制
703,liliula2333 Ievan Polkka,已定制
704,liliula2333 窗外,已定制
705,jue_guiyu Laura Shigihara - Zen Garden,已定制
706,YumeriAsakura - bliss - milet,已定制
707,YumeriAsakura - ライアーメイデン (feat. りぃふ) - ヤバス; りぃふ,已定制
708,YumeriAsakura - flos - ヰ世界情緒 ,已定制
709,YumeriAsakura - 僕らの記憶を掠わないで - ヰ世界情緒 ,已定制
710,YumeriAsakura - 一心不乱 - 初音ミク; 巡音ルカ; GUMI; 梅とら,已定制
711,YumeriAsakura - 呪いは水色 - 大森靖子,已定制
712,dotminelcf ぺぽよ - 愛の流れ星,已定制
713,dotminelcf ぺぽよ，初音ミク - 拝啓,已定制
714,dotminelcf MYTH ROID - Endless Embrace,已定制
715,dotminelcf Øneheart，reidenshi - snowfall (Slowed Reverb),已定制
716,dotminelcf Daft Punk - Harder， Better， Faster， Stronger,已定制
717,dotminelcf Lynyrd Skynyrd - Free Bird,已定制
718,CXruli233 Taylor Swift - All Too Well (From The Vault_Taylor’s Version_Ten Minute Version),已定制
719,ipOWOqi  JINGLE DEATH,已定制
720,ipOWOqi Singular Point (Original Mix),已定制
721,ipOWOqi OVERDO$E2-RELAP$E,已定制
722,ipOWOqi 群青,已定制
723,ipOWOqi 海のまにまに,已定制
724,ipOWOqi Re-Aoharu (HaVen remix),已定制
725,ipOWOqi Psyfrica (When Psy Meets Hardstyle),已定制
726,ipOWOqi 薬師寺寛邦-般若心経 (cho ver.) [boboo remix]（BOBOO remix）,已定制
727,ipOWOqi 薬師寺寛邦-大悲呪 (chorus ver)（boboo remix）,已定制
728,UWUxiaoyu520 ヨルシカ - 言って,已定制
729,chenxijiejie 火车驶向云外，梦安魂于九霄,已定制
730,chenxijiejie 浮光 (The History) -,已定制
731,chenxijiejie 芳草庭闲 Verdant Longings,已定制
732,chenxijiejie china-波,已定制
733,CR_MIN_FU Starlight,已定制
734,UWUxiaoyu520 Nyan Cat (彩虹猫),已定制
735,UWUxiaoyu520 追求~追いつめられて,已定制
736,4zjs Aじゃないか (feat. 初音ミク & 鏡音リン),已定制
737,DelTa_By BIG Daddy,已定制
738,DelTa_By Bliss,已定制
739,DelTa_By Cthugha,已定制
740,DelTa_By QZKago Requiem - t+pazolite,已定制
741,junmou 増田順一 - ミシロタウン,已定制
742,junmou Music_歳月-雲流れ- - Foxtail-Grass Studio,已定制
743,zong_an 華鳥風月,已定制
744,zong_an 月笹舟,已定制
745,AloneSingn Pray(KA),已定制
746,AloneSingn Sacred PlaySecret Place,已定制
747,AloneSingn nop,已定制
748,AloneSingn Rain after Summer,已定制
749,junmou 一二三、初音ミク - いってらっしゃい,已定制
750,yuanyuan 闹海,已定制
751,4zjs Igallta,已定制
752,wlczycr We’ll Be Right Back,已定制
753,Eugen_prprprpr OST 75 - Last Sunset ver. 2,已定制
754,Eugen_prprprpr OST 149 Extended,已定制
755,EnderClosure Mai ,已定制
756,dotminelcf PTB10 - Aftermath,已定制
757,Li_HuaJian,
758,Li_HuaJian,
759,Li_HuaJian,